{"_runtime":2.029005925,"_step":0,"train/global_step":0,"profiling/Time taken: GRPOTrainer._move_model_to_vllm":1.0854523698799312,"_wandb":{"runtime":2},"_timestamp":1.7495222377975538e+09}