{"profiling/Time taken: GRPOTrainer._move_model_to_vllm":1.087314730975777,"_timestamp":1.749522579676907e+09,"_runtime":1.978678349,"_step":0,"train/global_step":0,"_wandb":{"runtime":5}}